INSERT INTO gzz_empleado (EmpCod, EmpNom, EstRegCod) VALUES (1, 'Juan Pérez', 'A');
INSERT INTO gzz_empleado (EmpCod, EmpNom, EstRegCod) VALUES (2, 'María Gómez', 'A'),
INSERT INTO gzz_empleado (EmpCod, EmpNom, EstRegCod) VALUES (3, 'Pedro Ramírez', 'A');

INSERT INTO gzz_zona (ZonCod, ZonDes, ZonEstReg) VALUES (1, 'Norte', 'A');
INSERT INTO gzz_zona (ZonCod, ZonDes, ZonEstReg) VALUES (2, 'Sur', 'A');
INSERT INTO gzz_zona (ZonCod, ZonDes, ZonEstReg) VALUES (3, 'Este', 'A');
INSERT INTO gzz_zona (ZonCod, ZonDes, ZonEstReg) VALUES (4, 'Oeste', 'A');
INSERT INTO gzz_zona (ZonCod, ZonDes, ZonEstReg) VALUES (5, 'Centro', 'A');

INSERT INTO gzz_unidad_medida (UniMedCod, UniMedNom, EstRegCod) VALUES (1, 'CAJ', 'A');
INSERT INTO gzz_unidad_medida (UniMedCod, UniMedNom, EstRegCod) VALUES (2, 'UND', 'A');
INSERT INTO gzz_unidad_medida (UniMedCod, UniMedNom, EstRegCod) VALUES (3, 'PAQUE', 'A');
INSERT INTO gzz_unidad_medida (UniMedCod, UniMedNom, EstRegCod) VALUES (4, 'BARR', 'A');
INSERT INTO gzz_unidad_medida (UniMedCod, UniMedNom, EstRegCod) VALUES (5, 'MILL', 'A');

INSERT INTO gzz_marca(MarCod,MarNom,MarEstReg) VALUES (1,'Faber-Castell','A');
INSERT INTO gzz_marca(MarCod,MarNom,MarEstReg) VALUES  (2,'Surco','A');
INSERT INTO gzz_marca(MarCod,MarNom,MarEstReg) VALUES  (3,'Maped','A');
INSERT INTO gzz_marca(MarCod,MarNom,MarEstReg) VALUES  (4,'Stabilo','A');
INSERT INTO gzz_marca(MarCod,MarNom,MarEstReg) VALUES  (5,'Pelikan','A');
INSERT INTO gzz_marca(MarCod,MarNom,MarEstReg) VALUES  (6,'Staedtler','A');
INSERT INTO gzz_marca(MarCod,MarNom,MarEstReg) VALUES  (7,'Pilot','A');
INSERT INTO gzz_marca(MarCod,MarNom,MarEstReg) VALUES  (8,'Pentel','A');
INSERT INTO gzz_marca(MarCod,MarNom,MarEstReg) VALUES  (9,'Uni-Ball','A');
INSERT INTO gzz_marca(MarCod,MarNom,MarEstReg) VALUES  (10,'Zebra','A');
INSERT INTO gzz_marca(MarCod,MarNom,MarEstReg) VALUES  (11,'Sharpie','A');
INSERT INTO gzz_marca(MarCod,MarNom,MarEstReg) VALUES  (12,'Crayola','A');
INSERT INTO gzz_marca(MarCod,MarNom,MarEstReg) VALUES  (13,'Giotto','A');
INSERT INTO gzz_marca(MarCod,MarNom,MarEstReg) VALUES  (14,'Scribe','A');
INSERT INTO gzz_marca(MarCod,MarNom,MarEstReg) VALUES  (15,'Oxford','A');
INSERT INTO gzz_marca(MarCod,MarNom,MarEstReg) VALUES  (16,'Rhodia','A');
INSERT INTO gzz_marca(MarCod,MarNom,MarEstReg) VALUES  (17,'Carioca','A');
INSERT INTO gzz_marca(MarCod,MarNom,MarEstReg) VALUES  (18,'Giotto','A');
INSERT INTO gzz_marca(MarCod,MarNom,MarEstReg) VALUES  (19,'Standford','A');
INSERT INTO gzz_marca(MarCod,MarNom,MarEstReg) VALUES  (20,'Alpha','A');
INSERT INTO gzz_marca(MarCod,MarNom,MarEstReg) VALUES  (21,'loro','A');
INSERT INTO gzz_marca(MarCod,MarNom,MarEstReg) VALUES  (22,'Norma','A');
INSERT INTO gzz_marca(MarCod,MarNom,MarEstReg) VALUES  (23,'Justus','A');
INSERT INTO gzz_marca(MarCod,MarNom,MarEstReg) VALUES  (24,'Minerva','A');
INSERT INTO gzz_marca(MarCod,MarNom,MarEstReg) VALUES  (25,'Layconsa','A');
INSERT INTO gzz_marca(MarCod,MarNom,MarEstReg) VALUES  (26,'Ricon','A');
INSERT INTO gzz_marca(MarCod,MarNom,MarEstReg) VALUES  (27,'Ove','A');
INSERT INTO gzz_marca(MarCod,MarNom,MarEstReg) VALUES  (28,'Artline','A');
INSERT INTO gzz_marca(MarCod,MarNom,MarEstReg) VALUES  (29,'David','A');
INSERT INTO gzz_marca(MarCod,MarNom,MarEstReg) VALUES  (30,'Millenium','A');


INSERT INTO l1m_proveedor (ProCod,ProNom,ProFecInsProAño,ProFecInsProMes,ProFecInsProDia,ProDir,ProZon,ProEstReg)VALUES (1,'Tai-Heng',2019,12,15,'Franciso Velazco 106-Cercado',1,'A');

INSERT INTO l1m_cliente (CliCod,CliNom,CliFecInsAño,CliFecInsMes,CliFecInsDia,CliDir,CliZon,CliEstReg) VALUES (1,'Juan Perez',2023,20,19,'Av Tupac Amaru 106',1,'A');
INSERT INTO l1m_cliente (CliCod,CliNom,CliFecInsAño,CliFecInsMes,CliFecInsDia,CliDir,CliZon,CliEstReg) VALUES (2,'Maria Rodríguez',2023,20,19,'Los Olivos 206',2,'A');
INSERT INTO l1m_cliente (CliCod,CliNom,CliFecInsAño,CliFecInsMes,CliFecInsDia,CliDir,CliZon,CliEstReg) VALUES (3,'Pedor Gomez',2023,20,19,'Los Alamos 101',4,'A');
INSERT INTO l1m_cliente (CliCod,CliNom,CliFecInsAño,CliFecInsMes,CliFecInsDia,CliDir,CliZon,CliEstReg) VALUES (4,'Luisa Martinez',2023,20,19,'Call Los Girasoles 350',1,'A');
INSERT INTO l1m_cliente (CliCod,CliNom,CliFecInsAño,CliFecInsMes,CliFecInsDia,CliDir,CliZon,CliEstReg) VALUES (5,'Calos Sanchez',2023,20,19,'Avenida Ejercito 1',5,'A');
INSERT INTO l1m_cliente (CliCod,CliNom,CliFecInsAño,CliFecInsMes,CliFecInsDia,CliDir,CliZon,CliEstReg) VALUES (6,'Noah Johnson',2023,20,19,'Av La Marina 125',2,'A');
INSERT INTO l1m_cliente (CliCod,CliNom,CliFecInsAño,CliFecInsMes,CliFecInsDia,CliDir,CliZon,CliEstReg) VALUES (7,'Emma Williams',2023,20,19,'Av La Marina 203',2,'A');
INSERT INTO l1m_cliente (CliCod,CliNom,CliFecInsAño,CliFecInsMes,CliFecInsDia,CliDir,CliZon,CliEstReg) VALUES (8,'Liam Brown',2023,20,19,'Los Girasoels 105',3,'A');
INSERT INTO l1m_cliente (CliCod,CliNom,CliFecInsAño,CliFecInsMes,CliFecInsDia,CliDir,CliZon,CliEstReg) VALUES (9,'Elijah Davis',2023,20,19,'Las rupias 52',3,'A');
INSERT INTO l1m_cliente (CliCod,CliNom,CliFecInsAño,CliFecInsMes,CliFecInsDia,CliDir,CliZon,CliEstReg) VALUES (10,'Ava Jones',2023,20,19,'Grau 506',4,'A');
INSERT INTO l1m_cliente (CliCod,CliNom,CliFecInsAño,CliFecInsMes,CliFecInsDia,CliDir,CliZon,CliEstReg) VALUES (11,'Oliver Wilson',2023,20,19,'Bolivar 31',4,'A');
INSERT INTO l1m_cliente (CliCod,CliNom,CliFecInsAño,CliFecInsMes,CliFecInsDia,CliDir,CliZon,CliEstReg) VALUES (12,'Isabella taylos',2023,20,19,'Rivero 205',5,'A');
INSERT INTO l1m_cliente (CliCod,CliNom,CliFecInsAño,CliFecInsMes,CliFecInsDia,CliDir,CliZon,CliEstReg) VALUES (13,'Lucas Anderson',2023,20,19,'San Juan de Dios 120',4,'A');
INSERT INTO l1m_cliente (CliCod,CliNom,CliFecInsAño,CliFecInsMes,CliFecInsDia,CliDir,CliZon,CliEstReg) VALUES (14,'Aiden Thompson',2023,20,19,'Duamel 105',4,'A');
INSERT INTO l1m_cliente (CliCod,CliNom,CliFecInsAño,CliFecInsMes,CliFecInsDia,CliDir,CliZon,CliEstReg) VALUES (15,'Mia Martinez',2023,20,19,'Panomarico 150',1,'A');
INSERT INTO l1m_cliente (CliCod,CliNom,CliFecInsAño,CliFecInsMes,CliFecInsDia,CliDir,CliZon,CliEstReg) VALUES (16,'Amelia Garcia',2023,20,19,'Jesus 510',2,'A');
INSERT INTO l1m_cliente (CliCod,CliNom,CliFecInsAño,CliFecInsMes,CliFecInsDia,CliDir,CliZon,CliEstReg) VALUES (17,'Cadena Hernandez',2023,20,19,'Tulipanes 106',1,'A');
INSERT INTO l1m_cliente (CliCod,CliNom,CliFecInsAño,CliFecInsMes,CliFecInsDia,CliDir,CliZon,CliEstReg) VALUES (18,'Harper Lopez',2023,20,19,'Las Orquideas 15',4,'A');
INSERT INTO l1m_cliente (CliCod,CliNom,CliFecInsAño,CliFecInsMes,CliFecInsDia,CliDir,CliZon,CliEstReg) VALUES (19,'Grayson Gonzales',2023,20,19,'Los Manzanitos',3,'A');
INSERT INTO l1m_cliente (CliCod,CliNom,CliFecInsAño,CliFecInsMes,CliFecInsDia,CliDir,CliZon,CliEstReg) VALUES (20,'Evely Perez',2023,20,19,'Los Naranjos 159',2,'A');
INSERT INTO l1m_cliente (CliCod,CliNom,CliFecInsAño,CliFecInsMes,CliFecInsDia,CliDir,CliZon,CliEstReg) VALUES (21,'Michael Robinson',2023,20,19,'Jr Ucayali 15',2,'A');
INSERT INTO l1m_cliente (CliCod,CliNom,CliFecInsAño,CliFecInsMes,CliFecInsDia,CliDir,CliZon,CliEstReg) VALUES (22,'Abigail Lewis',2023,20,19,'Av Chegueva 158',3,'A');
INSERT INTO l1m_cliente (CliCod,CliNom,CliFecInsAño,CliFecInsMes,CliFecInsDia,CliDir,CliZon,CliEstReg) VALUES (23,'Mason Lee',2023,20,19,'Paucarpata 158',4,'A');
INSERT INTO l1m_cliente (CliCod,CliNom,CliFecInsAño,CliFecInsMes,CliFecInsDia,CliDir,CliZon,CliEstReg) VALUES (24,'Emily Scott',2023,20,19,'Independencia 412',2,'A');
INSERT INTO l1m_cliente (CliCod,CliNom,CliFecInsAño,CliFecInsMes,CliFecInsDia,CliDir,CliZon,CliEstReg) VALUES (25,'Alexander King',2023,20,19,'Revolucion 158',3,'A');
INSERT INTO l1m_cliente (CliCod,CliNom,CliFecInsAño,CliFecInsMes,CliFecInsDia,CliDir,CliZon,CliEstReg) VALUES (26,'Charlotte Wright',2023,20,19,'Jose Olaya 852',2,'A');
INSERT INTO l1m_cliente (CliCod,CliNom,CliFecInsAño,CliFecInsMes,CliFecInsDia,CliDir,CliZon,CliEstReg) VALUES (27,'Ethan White',2023,20,19,'Rivero 159',1,'A');
INSERT INTO l1m_cliente (CliCod,CliNom,CliFecInsAño,CliFecInsMes,CliFecInsDia,CliDir,CliZon,CliEstReg) VALUES (28,'Antony Aco',2023,20,19,'J. L. B. Y R. Mz A Lt 1',4,'A');
INSERT INTO l1m_cliente (CliCod,CliNom,CliFecInsAño,CliFecInsMes,CliFecInsDia,CliDir,CliZon,CliEstReg) VALUES (29,'Bryan Hancco',2023,20,19,'Grio Biberon',3,'A');
INSERT INTO l1m_cliente (CliCod,CliNom,CliFecInsAño,CliFecInsMes,CliFecInsDia,CliDir,CliZon,CliEstReg) VALUES (30,'Lorenzo Wolverine',2023,20,19,'S/N',3,'A');


INSERT INTO l1t_stock_entrada_cab(StoEntCabCod,StoEntCabFecInsAño,StoEntCabFecInsMes,StoEntCabFecInsDia,StoEntCabPro,StoEntCanEstReg,EmpCod) VALUES (101,2023,10,20,1,'A',3);
INSERT INTO l1t_stock_entrada_cab(StoEntCabCod,StoEntCabFecInsAño,StoEntCabFecInsMes,StoEntCabFecInsDia,StoEntCabPro,StoEntCanEstReg,EmpCod) VALUES (102,2023,10,21,1,'A',1);
INSERT INTO l1t_stock_entrada_cab(StoEntCabCod,StoEntCabFecInsAño,StoEntCabFecInsMes,StoEntCabFecInsDia,StoEntCabPro,StoEntCanEstReg,EmpCod) VALUES (103,2023,10,22,1,'A',2);
INSERT INTO l1t_stock_entrada_cab(StoEntCabCod,StoEntCabFecInsAño,StoEntCabFecInsMes,StoEntCabFecInsDia,StoEntCabPro,StoEntCanEstReg,EmpCod) VALUES (104,2023,10,23,1,'A',3);
INSERT INTO l1t_stock_entrada_cab(StoEntCabCod,StoEntCabFecInsAño,StoEntCabFecInsMes,StoEntCabFecInsDia,StoEntCabPro,StoEntCanEstReg,EmpCod) VALUES (105,2023,10,24,1,'A',3);
INSERT INTO l1t_stock_entrada_cab(StoEntCabCod,StoEntCabFecInsAño,StoEntCabFecInsMes,StoEntCabFecInsDia,StoEntCabPro,StoEntCanEstReg,EmpCod) VALUES (106,2023,10,25,1,'A',1);
INSERT INTO l1t_stock_entrada_cab(StoEntCabCod,StoEntCabFecInsAño,StoEntCabFecInsMes,StoEntCabFecInsDia,StoEntCabPro,StoEntCanEstReg,EmpCod) VALUES (107,2023,10,26,1,'A',1);

INSERT INTO l1m_articulo(ArtCod,ArtNom,ArtCan,ArtDes,ArtEstReg,ArtMar,UniMedCod) VALUES (1,'Cuaderno A-4 c 80h',0,'Cuaderno','A',2,2);
INSERT INTO l1m_articulo(ArtCod,ArtNom,ArtCan,ArtDes,ArtEstReg,ArtMar,UniMedCod) VALUES (2,'Cuaderno A-4 a 80h',0,'Cuaderno','A',2,2);
INSERT INTO l1m_articulo(ArtCod,ArtNom,ArtCan,ArtDes,ArtEstReg,ArtMar,UniMedCod) VALUES (3,'Cuaderno A-4 e 80h',0,'Cuaderno','A',2,2);
INSERT INTO l1m_articulo(ArtCod,ArtNom,ArtCan,ArtDes,ArtEstReg,ArtMar,UniMedCod) VALUES (4,'Cuaderno A-4 c 160h',0,'Cuaderno','A',2,2);
INSERT INTO l1m_articulo(ArtCod,ArtNom,ArtCan,ArtDes,ArtEstReg,ArtMar,UniMedCod) VALUES (5,'Cuaderno A-4 a 160h',0,'Cuaderno','A',2,2);
INSERT INTO l1m_articulo(ArtCod,ArtNom,ArtCan,ArtDes,ArtEstReg,ArtMar,UniMedCod) VALUES (6,'Cuaderno A-4 c 110h',0,'Cuaderno','A',2,2);
INSERT INTO l1m_articulo(ArtCod,ArtNom,ArtCan,ArtDes,ArtEstReg,ArtMar,UniMedCod) VALUES (7,'Cuaderno A-4 a 110h',0,'Cuaderno','A',2,2);
INSERT INTO l1m_articulo(ArtCod,ArtNom,ArtCan,ArtDes,ArtEstReg,ArtMar,UniMedCod) VALUES (8,'Cuaderno A-4 e 110h',0,'Cuaderno','A',2,2);
INSERT INTO l1m_articulo(ArtCod,ArtNom,ArtCan,ArtDes,ArtEstReg,ArtMar,UniMedCod) VALUES (9,'Cuaderno A-5 c 80h',0,'Cuaderno','A',2,2);
INSERT INTO l1m_articulo(ArtCod,ArtNom,ArtCan,ArtDes,ArtEstReg,ArtMar,UniMedCod) VALUES (10,'Cuaderno A-5 a 80h',0,'Cuaderno','A',2,2);
INSERT INTO l1m_articulo(ArtCod,ArtNom,ArtCan,ArtDes,ArtEstReg,ArtMar,UniMedCod) VALUES (11,'Cuaderno A-5 e 80h',0,'Cuaderno','A',2,2);
INSERT INTO l1m_articulo(ArtCod,ArtNom,ArtCan,ArtDes,ArtEstReg,ArtMar,UniMedCod) VALUES (12,'Cuaderno A-5 c 160h',0,'Cuaderno','A',2,2);
INSERT INTO l1m_articulo(ArtCod,ArtNom,ArtCan,ArtDes,ArtEstReg,ArtMar,UniMedCod) VALUES (13,'Cuaderno A-5 a 160h',0,'Cuaderno','A',2,2);
INSERT INTO l1m_articulo(ArtCod,ArtNom,ArtCan,ArtDes,ArtEstReg,ArtMar,UniMedCod) VALUES (14,'Cuaderno A-5 c 110h',0,'Cuaderno','A',2,2);
INSERT INTO l1m_articulo(ArtCod,ArtNom,ArtCan,ArtDes,ArtEstReg,ArtMar,UniMedCod) VALUES (15,'Cuaderno A-5 a 110h',0,'Cuaderno','A',2,2);
INSERT INTO l1m_articulo(ArtCod,ArtNom,ArtCan,ArtDes,ArtEstReg,ArtMar,UniMedCod) VALUES (16,'Cuaderno A-5 e 110h',0,'Cuaderno','A',2,2);
INSERT INTO l1m_articulo(ArtCod,ArtNom,ArtCan,ArtDes,ArtEstReg,ArtMar,UniMedCod) VALUES (17,'Cuaderno A-4 c 80h',0,'Cuaderno','A',15,2);
INSERT INTO l1m_articulo(ArtCod,ArtNom,ArtCan,ArtDes,ArtEstReg,ArtMar,UniMedCod) VALUES (18,'Cuaderno A-4 a 80h',0,'Cuaderno','A',15,2);
INSERT INTO l1m_articulo(ArtCod,ArtNom,ArtCan,ArtDes,ArtEstReg,ArtMar,UniMedCod) VALUES (19,'Cuaderno A-4 e 80h',0,'Cuaderno','A',15,2);
INSERT INTO l1m_articulo(ArtCod,ArtNom,ArtCan,ArtDes,ArtEstReg,ArtMar,UniMedCod) VALUES (20,'Cuaderno A-4 c 160h',0,'Cuaderno','A',15,2);
INSERT INTO l1m_articulo(ArtCod,ArtNom,ArtCan,ArtDes,ArtEstReg,ArtMar,UniMedCod) VALUES (21,'Cuaderno A-4 a 160h',0,'Cuaderno','A',15,2);
INSERT INTO l1m_articulo(ArtCod,ArtNom,ArtCan,ArtDes,ArtEstReg,ArtMar,UniMedCod) VALUES (22,'Cuaderno A-4 c 110h',0,'Cuaderno','A',15,2);
INSERT INTO l1m_articulo(ArtCod,ArtNom,ArtCan,ArtDes,ArtEstReg,ArtMar,UniMedCod) VALUES (23,'Cuaderno A-4 a 110h',0,'Cuaderno','A',15,2);
INSERT INTO l1m_articulo(ArtCod,ArtNom,ArtCan,ArtDes,ArtEstReg,ArtMar,UniMedCod) VALUES (24,'Cuaderno A-4 e 110h',0,'Cuaderno','A',15,2);
INSERT INTO l1m_articulo(ArtCod,ArtNom,ArtCan,ArtDes,ArtEstReg,ArtMar,UniMedCod) VALUES (25,'Cuaderno A-5 c 80h',0,'Cuaderno','A',15,2);
INSERT INTO l1m_articulo(ArtCod,ArtNom,ArtCan,ArtDes,ArtEstReg,ArtMar,UniMedCod) VALUES (26,'Cuaderno A-5 a 80h',0,'Cuaderno','A',15,2);
INSERT INTO l1m_articulo(ArtCod,ArtNom,ArtCan,ArtDes,ArtEstReg,ArtMar,UniMedCod) VALUES (27,'Cuaderno A-5 e 80h',0,'Cuaderno','A',15,2);
INSERT INTO l1m_articulo(ArtCod,ArtNom,ArtCan,ArtDes,ArtEstReg,ArtMar,UniMedCod) VALUES (28,'Cuaderno A-5 c 160h',0,'Cuaderno','A',15,2);
INSERT INTO l1m_articulo(ArtCod,ArtNom,ArtCan,ArtDes,ArtEstReg,ArtMar,UniMedCod) VALUES (29,'Cuaderno A-5 a 160h',0,'Cuaderno','A',15,2);
INSERT INTO l1m_articulo(ArtCod,ArtNom,ArtCan,ArtDes,ArtEstReg,ArtMar,UniMedCod) VALUES (30,'Cuaderno A-5 c 110h',0,'Cuaderno','A',15,2);
INSERT INTO l1m_articulo(ArtCod,ArtNom,ArtCan,ArtDes,ArtEstReg,ArtMar,UniMedCod) VALUES (31,'Cuaderno A-5 a 110h',0,'Cuaderno','A',15,2);
INSERT INTO l1m_articulo(ArtCod,ArtNom,ArtCan,ArtDes,ArtEstReg,ArtMar,UniMedCod) VALUES (32,'Cuaderno A-5 e 110h',0,'Cuaderno','A',15,2);

INSERT INTO l1t_stock_entrada_det(StoEntCabSec,StoEntDetCan,StoEntCabCod,StoEntDetArt,StoEntCabEstReg) VALUES (1,20,101,1,'A');
INSERT INTO l1t_stock_entrada_det(StoEntCabSec,StoEntDetCan,StoEntCabCod,StoEntDetArt,StoEntCabEstReg) VALUES (2,20,101,2,'A');
INSERT INTO l1t_stock_entrada_det(StoEntCabSec,StoEntDetCan,StoEntCabCod,StoEntDetArt,StoEntCabEstReg) VALUES (3,20,101,3,'A');
INSERT INTO l1t_stock_entrada_det(StoEntCabSec,StoEntDetCan,StoEntCabCod,StoEntDetArt,StoEntCabEstReg) VALUES (4,20,101,4,'A');
INSERT INTO l1t_stock_entrada_det(StoEntCabSec,StoEntDetCan,StoEntCabCod,StoEntDetArt,StoEntCabEstReg) VALUES (5,20,101,5,'A');
INSERT INTO l1t_stock_entrada_det(StoEntCabSec,StoEntDetCan,StoEntCabCod,StoEntDetArt,StoEntCabEstReg) VALUES (6,20,101,6,'A');
INSERT INTO l1t_stock_entrada_det(StoEntCabSec,StoEntDetCan,StoEntCabCod,StoEntDetArt,StoEntCabEstReg) VALUES (7,20,102,1,'A');
INSERT INTO l1t_stock_entrada_det(StoEntCabSec,StoEntDetCan,StoEntCabCod,StoEntDetArt,StoEntCabEstReg) VALUES (8,20,102,2,'A');
INSERT INTO l1t_stock_entrada_det(StoEntCabSec,StoEntDetCan,StoEntCabCod,StoEntDetArt,StoEntCabEstReg) VALUES (9,20,102,3,'A');
INSERT INTO l1t_stock_entrada_det(StoEntCabSec,StoEntDetCan,StoEntCabCod,StoEntDetArt,StoEntCabEstReg) VALUES (10,20,102,4,'A');
INSERT INTO l1t_stock_entrada_det(StoEntCabSec,StoEntDetCan,StoEntCabCod,StoEntDetArt,StoEntCabEstReg) VALUES (11,20,102,5,'A');
INSERT INTO l1t_stock_entrada_det(StoEntCabSec,StoEntDetCan,StoEntCabCod,StoEntDetArt,StoEntCabEstReg) VALUES (12,20,102,6,'A');
INSERT INTO l1t_stock_entrada_det(StoEntCabSec,StoEntDetCan,StoEntCabCod,StoEntDetArt,StoEntCabEstReg) VALUES (13,20,103,7,'A');
INSERT INTO l1t_stock_entrada_det(StoEntCabSec,StoEntDetCan,StoEntCabCod,StoEntDetArt,StoEntCabEstReg) VALUES (14,20,103,1,'A');
INSERT INTO l1t_stock_entrada_det(StoEntCabSec,StoEntDetCan,StoEntCabCod,StoEntDetArt,StoEntCabEstReg) VALUES (15,20,103,2,'A');
INSERT INTO l1t_stock_entrada_det(StoEntCabSec,StoEntDetCan,StoEntCabCod,StoEntDetArt,StoEntCabEstReg) VALUES (16,20,103,3,'A');
INSERT INTO l1t_stock_entrada_det(StoEntCabSec,StoEntDetCan,StoEntCabCod,StoEntDetArt,StoEntCabEstReg) VALUES (17,20,103,4,'A');
INSERT INTO l1t_stock_entrada_det(StoEntCabSec,StoEntDetCan,StoEntCabCod,StoEntDetArt,StoEntCabEstReg) VALUES (18,20,103,5,'A');
INSERT INTO l1t_stock_entrada_det(StoEntCabSec,StoEntDetCan,StoEntCabCod,StoEntDetArt,StoEntCabEstReg) VALUES (20,20,104,6,'A');
INSERT INTO l1t_stock_entrada_det(StoEntCabSec,StoEntDetCan,StoEntCabCod,StoEntDetArt,StoEntCabEstReg) VALUES (21,20,104,7,'A');
INSERT INTO l1t_stock_entrada_det(StoEntCabSec,StoEntDetCan,StoEntCabCod,StoEntDetArt,StoEntCabEstReg) VALUES (22,20,104,8,'A');
INSERT INTO l1t_stock_entrada_det(StoEntCabSec,StoEntDetCan,StoEntCabCod,StoEntDetArt,StoEntCabEstReg) VALUES (23,20,104,1,'A');
INSERT INTO l1t_stock_entrada_det(StoEntCabSec,StoEntDetCan,StoEntCabCod,StoEntDetArt,StoEntCabEstReg) VALUES (24,20,104,2,'A');
INSERT INTO l1t_stock_entrada_det(StoEntCabSec,StoEntDetCan,StoEntCabCod,StoEntDetArt,StoEntCabEstReg) VALUES (25,20,104,3,'A');
INSERT INTO l1t_stock_entrada_det(StoEntCabSec,StoEntDetCan,StoEntCabCod,StoEntDetArt,StoEntCabEstReg) VALUES (26,20,105,4,'A');
INSERT INTO l1t_stock_entrada_det(StoEntCabSec,StoEntDetCan,StoEntCabCod,StoEntDetArt,StoEntCabEstReg) VALUES (27,20,105,5,'A');
INSERT INTO l1t_stock_entrada_det(StoEntCabSec,StoEntDetCan,StoEntCabCod,StoEntDetArt,StoEntCabEstReg) VALUES (28,20,105,6,'A');
INSERT INTO l1t_stock_entrada_det(StoEntCabSec,StoEntDetCan,StoEntCabCod,StoEntDetArt,StoEntCabEstReg) VALUES (29,20,105,1,'A');
INSERT INTO l1t_stock_entrada_det(StoEntCabSec,StoEntDetCan,StoEntCabCod,StoEntDetArt,StoEntCabEstReg) VALUES (30,20,106,2,'A');
INSERT INTO l1t_stock_entrada_det(StoEntCabSec,StoEntDetCan,StoEntCabCod,StoEntDetArt,StoEntCabEstReg) VALUES (31,20,106,3,'A');
INSERT INTO l1t_stock_entrada_det(StoEntCabSec,StoEntDetCan,StoEntCabCod,StoEntDetArt,StoEntCabEstReg) VALUES (32,20,106,4,'A');
INSERT INTO l1t_stock_entrada_det(StoEntCabSec,StoEntDetCan,StoEntCabCod,StoEntDetArt,StoEntCabEstReg) VALUES (33,20,107,5,'A');
INSERT INTO l1t_stock_entrada_det(StoEntCabSec,StoEntDetCan,StoEntCabCod,StoEntDetArt,StoEntCabEstReg) VALUES (34,20,107,6,'A');
INSERT INTO l1t_stock_entrada_det(StoEntCabSec,StoEntDetCan,StoEntCabCod,StoEntDetArt,StoEntCabEstReg) VALUES (35,20,107,7,'A');

INSERT INTO l1t_stock_salida_cab(StoSalCabCod,StoSalCabFecInsStoAño,StoSalCabFecInsStoMes,StoSalCabFecInsStoDia,StoSalCabCli,StoSalCabEstReg,EmpCod) VALUES (201,2023,10,27,9,'A',3);
INSERT INTO l1t_stock_salida_cab(StoSalCabCod,StoSalCabFecInsStoAño,StoSalCabFecInsStoMes,StoSalCabFecInsStoDia,StoSalCabCli,StoSalCabEstReg,EmpCod) VALUES (202,2023,10,28,11,'A',1);
INSERT INTO l1t_stock_salida_cab(StoSalCabCod,StoSalCabFecInsStoAño,StoSalCabFecInsStoMes,StoSalCabFecInsStoDia,StoSalCabCli,StoSalCabEstReg,EmpCod) VALUES (203,2023,10,29,10,'A',2);
INSERT INTO l1t_stock_salida_cab(StoSalCabCod,StoSalCabFecInsStoAño,StoSalCabFecInsStoMes,StoSalCabFecInsStoDia,StoSalCabCli,StoSalCabEstReg,EmpCod) VALUES (204,2023,10,30,15,'A',3);
INSERT INTO l1t_stock_salida_cab(StoSalCabCod,StoSalCabFecInsStoAño,StoSalCabFecInsStoMes,StoSalCabFecInsStoDia,StoSalCabCli,StoSalCabEstReg,EmpCod) VALUES (205,2023,10,31,1,'A',3);
INSERT INTO l1t_stock_salida_cab(StoSalCabCod,StoSalCabFecInsStoAño,StoSalCabFecInsStoMes,StoSalCabFecInsStoDia,StoSalCabCli,StoSalCabEstReg,EmpCod) VALUES (206,2023,11,1,18,'A',1);
INSERT INTO l1t_stock_salida_cab(StoSalCabCod,StoSalCabFecInsStoAño,StoSalCabFecInsStoMes,StoSalCabFecInsStoDia,StoSalCabCli,StoSalCabEstReg,EmpCod) VALUES (207,2023,11,1,18,'A',1);

INSERT INTO l1t_stock_salida_det(StoSalDetSec,StoSalDetCan,StoSalCabCod,StoSalDetArt,StoSalCabEstReg) VALUES (1,1,201,1,'A');
INSERT INTO l1t_stock_salida_det(StoSalDetSec,StoSalDetCan,StoSalCabCod,StoSalDetArt,StoSalCabEstReg) VALUES (2,2,201,2,'A');
INSERT INTO l1t_stock_salida_det(StoSalDetSec,StoSalDetCan,StoSalCabCod,StoSalDetArt,StoSalCabEstReg) VALUES (3,2,201,3,'A');
INSERT INTO l1t_stock_salida_det(StoSalDetSec,StoSalDetCan,StoSalCabCod,StoSalDetArt,StoSalCabEstReg) VALUES (4,2,201,4,'A');
INSERT INTO l1t_stock_salida_det(StoSalDetSec,StoSalDetCan,StoSalCabCod,StoSalDetArt,StoSalCabEstReg) VALUES (5,3,201,5,'A');
INSERT INTO l1t_stock_salida_det(StoSalDetSec,StoSalDetCan,StoSalCabCod,StoSalDetArt,StoSalCabEstReg) VALUES (6,4,201,6,'A');
INSERT INTO l1t_stock_salida_det(StoSalDetSec,StoSalDetCan,StoSalCabCod,StoSalDetArt,StoSalCabEstReg) VALUES (7,2,202,1,'A');
INSERT INTO l1t_stock_salida_det(StoSalDetSec,StoSalDetCan,StoSalCabCod,StoSalDetArt,StoSalCabEstReg) VALUES (8,1,202,2,'A');
INSERT INTO l1t_stock_salida_det(StoSalDetSec,StoSalDetCan,StoSalCabCod,StoSalDetArt,StoSalCabEstReg) VALUES (9,1,202,3,'A');
INSERT INTO l1t_stock_salida_det(StoSalDetSec,StoSalDetCan,StoSalCabCod,StoSalDetArt,StoSalCabEstReg) VALUES (10,1,202,4,'A');
INSERT INTO l1t_stock_salida_det(StoSalDetSec,StoSalDetCan,StoSalCabCod,StoSalDetArt,StoSalCabEstReg) VALUES (11,2,202,5,'A');
INSERT INTO l1t_stock_salida_det(StoSalDetSec,StoSalDetCan,StoSalCabCod,StoSalDetArt,StoSalCabEstReg) VALUES (12,1,202,6,'A');
INSERT INTO l1t_stock_salida_det(StoSalDetSec,StoSalDetCan,StoSalCabCod,StoSalDetArt,StoSalCabEstReg) VALUES (13,1,203,7,'A');
INSERT INTO l1t_stock_salida_det(StoSalDetSec,StoSalDetCan,StoSalCabCod,StoSalDetArt,StoSalCabEstReg) VALUES (14,5,203,8,'A');
INSERT INTO l1t_stock_salida_det(StoSalDetSec,StoSalDetCan,StoSalCabCod,StoSalDetArt,StoSalCabEstReg) VALUES (15,3,203,1,'A');
INSERT INTO l1t_stock_salida_det(StoSalDetSec,StoSalDetCan,StoSalCabCod,StoSalDetArt,StoSalCabEstReg) VALUES (16,2,203,2,'A');
INSERT INTO l1t_stock_salida_det(StoSalDetSec,StoSalDetCan,StoSalCabCod,StoSalDetArt,StoSalCabEstReg) VALUES (17,1,203,2,'A');
INSERT INTO l1t_stock_salida_det(StoSalDetSec,StoSalDetCan,StoSalCabCod,StoSalDetArt,StoSalCabEstReg) VALUES (18,2,203,3,'A');
INSERT INTO l1t_stock_salida_det(StoSalDetSec,StoSalDetCan,StoSalCabCod,StoSalDetArt,StoSalCabEstReg) VALUES (20,1,204,5,'A');
INSERT INTO l1t_stock_salida_det(StoSalDetSec,StoSalDetCan,StoSalCabCod,StoSalDetArt,StoSalCabEstReg) VALUES (21,1,204,1,'A');
INSERT INTO l1t_stock_salida_det(StoSalDetSec,StoSalDetCan,StoSalCabCod,StoSalDetArt,StoSalCabEstReg) VALUES (22,6,204,2,'A');
INSERT INTO l1t_stock_salida_det(StoSalDetSec,StoSalDetCan,StoSalCabCod,StoSalDetArt,StoSalCabEstReg) VALUES (23,1,204,3,'A');
INSERT INTO l1t_stock_salida_det(StoSalDetSec,StoSalDetCan,StoSalCabCod,StoSalDetArt,StoSalCabEstReg) VALUES (24,1,204,5,'A');
INSERT INTO l1t_stock_salida_det(StoSalDetSec,StoSalDetCan,StoSalCabCod,StoSalDetArt,StoSalCabEstReg) VALUES (25,1,204,5,'A');
INSERT INTO l1t_stock_salida_det(StoSalDetSec,StoSalDetCan,StoSalCabCod,StoSalDetArt,StoSalCabEstReg) VALUES (26,2,205,4,'A');
INSERT INTO l1t_stock_salida_det(StoSalDetSec,StoSalDetCan,StoSalCabCod,StoSalDetArt,StoSalCabEstReg) VALUES (27,3,205,7,'A');
INSERT INTO l1t_stock_salida_det(StoSalDetSec,StoSalDetCan,StoSalCabCod,StoSalDetArt,StoSalCabEstReg) VALUES (28,1,205,8,'A');
INSERT INTO l1t_stock_salida_det(StoSalDetSec,StoSalDetCan,StoSalCabCod,StoSalDetArt,StoSalCabEstReg) VALUES (29,1,205,2,'A');
INSERT INTO l1t_stock_salida_det(StoSalDetSec,StoSalDetCan,StoSalCabCod,StoSalDetArt,StoSalCabEstReg) VALUES (30,1,206,1,'A');
INSERT INTO l1t_stock_salida_det(StoSalDetSec,StoSalDetCan,StoSalCabCod,StoSalDetArt,StoSalCabEstReg) VALUES (31,2,206,2,'A');
INSERT INTO l1t_stock_salida_det(StoSalDetSec,StoSalDetCan,StoSalCabCod,StoSalDetArt,StoSalCabEstReg) VALUES (32,4,206,3,'A');
INSERT INTO l1t_stock_salida_det(StoSalDetSec,StoSalDetCan,StoSalCabCod,StoSalDetArt,StoSalCabEstReg) VALUES (33,1,207,4,'A');
INSERT INTO l1t_stock_salida_det(StoSalDetSec,StoSalDetCan,StoSalCabCod,StoSalDetArt,StoSalCabEstReg) VALUES (34,1,207,5,'A');
INSERT INTO l1t_stock_salida_det(StoSalDetSec,StoSalDetCan,StoSalCabCod,StoSalDetArt,StoSalCabEstReg) VALUES (35,2,207,6,'A');
